"","x"
"one",323
"can",244
"manag",230
"work",210
"system",194
"project",188
"way",183
"problem",175
"use",173
"will",170
"exampl",164
"differ",158
"approach",155
"question",155
"make",154
"process",145
"peopl",143
"data",142
"organ",142
"organi",136
"point",135
"chang",131
"see",127
"well",126
"model",125
"like",122
"thing",118
"time",116
"deci",111
"map",108
"design",104
"import",103
"get",100
"group",100
"issu",100
"practic",96
"said",96
"understand",96
"enterpri",95
"howev",94
"think",92
"mani",91
"action",89
"often",88
"consult",88
"develop",84
"discuss",84
"base",83
"situat",82
"view",82
"busi",81
"even",81
"note",78
"rather",77
"team",76
"right",75
"say",75
"risk",75
"case",74
"know",73
"need",73
"post",73
"much",72
"also",71
"might",71
"interest",70
"may",70
"mean",70
"paper",70
"world",70
"two",69
"plan",69
"ask",67
"good",67
"ibi",67
"ration",67
"user",67
"ind",65
"uncertainti",65
"follow",64
"best",63
"come",63
"consequ",63
"inform",63
"possibl",63
"fact",62
"object",61
"look",60
"surpri",60
"take",60
"actual",59
"result",59
"flexibl",58
"new",57
"particular",57
"someth",57
"deal",56
"term",56
"focus",56
"context",55
"tell",55
"theori",55
"word",55
"stakehold",54
"book",54
"end",54
"sen",54
"done",53
"first",53
"now",53
"dialogu",52
"help",52
"author",51
"tend",51
"routin",51
"involv",50
"matter",50
"reason",49
"consid",48
"emerg",48
"idea",48
"put",48
"relat",48
"start",48
"common",48
"environ",48
"techniqu",48
"error",47
"general",47
"set",47
"standard",47
"state",47
"knowledg",47
"anoth",46
"human",46
"respon",46
"structur",46
"within",46
"complex",46
"cost",46
"profess",45
"type",45
"condit",45
"conver",45
"call",44
"repr",44
"year",44
"detail",43
"just",43
"social",42
"perform",42
"experi",42
"figur",42
"answer",41
"requir",41
"big",41
"better",41
"event",40
"realiti",39
"wick",39
"that",39
"build",38
"defin",38
"high",38
"real",38
"want",38
"happen",38
"technolog",38
"although",37
"describ",37
"key",37
"made",37
"other",37
"success",37
"framework",37
"implement",37
"realli",37
"captur",36
"give",36
"must",36
"sure",36
"yes",36
"clear",35
"complet",35
"expert",35
"hand",35
"kind",35
"larg",35
"let",35
"present",35
"product",35
"holm",35
"aspect",34
"certain",34
"creat",34
"failur",34
"find",34
"initi",34
"specif",34
"truth",34
"typic",34
"live",34
"caus",34
"dont",34
"instead",34
"day",34
"execut",33
"individu",33
"perspect",33
"therefor",33
"architect",33
"etc",33
"prof",33
"claim",32
"lead",32
"becom",32
"job",32
"argument",31
"offer",31
"polit",31
"quit",31
"true",31
"whether",31
"open",31
"without",31
"generat",31
"area",30
"around",30
"control",30
"natur",30
"oper",30
"support",30
"thought",30
"believ",30
"direct",30
"outcom",30
"paul",30
"talk",30
"softwar",30
"assum",29
"function",29
"lack",29
"sinc",29
"articl",29
"fail",29
"seem",29
"cour",29
"intern",29
"your",29
"attempt",28
"back",28
"document",28
"mention",28
"technic",28
"collabor",28
"increa",28
"long",28
"aim",27
"ill",27
"littl",27
"main",27
"posit",27
"seen",27
"facilit",27
"featur",27
"learn",27
"option",27
"studi",27
"awar",26
"ever",26
"intellig",26
"level",26
"moreov",26
"notat",26
"notion",26
"provid",26
"share",26
"though",26
"found",26
"depend",26
"ambigu",26
"expect",26
"overlook",26
"singl",26
"node",26
"associ",25
"enabl",25
"engag",25
"factor",25
"far",25
"futur",25
"simpl",25
"usual",25
"abil",25
"abl",25
"enough",25
"obvious",25
"place",25
"architectur",25
"ive",25
"video",25
"achiev",24
"address",24
"definit",24
"draw",24
"line",24
"origin",24
"wide",24
"valu",24
"depart",24
"rule",24
"space",24
"ear",24
"person",24
"solut",24
"three",24
"â€™s",24
"yeah",24
"entrepreneurship",24
"activ",23
"hold",23
"occur",23
"short",23
"tool",23
"sensemak",23
"written",23
"ethic",23
"read",23
"alway",23
"part",23
"prefer",23
"rich",23
"heraclitus",23
"parmenid",23
"brief",22
"construct",22
"custom",22
"domain",22
"entir",22
"final",22
"implic",22
"mainstream",22
"never",22
"propo",22
"relev",22
"simpli",22
"toward",22
"across",22
"power",22
"small",22
"last",22
"bit",22
"consist",21
"effect",21
"effort",21
"employ",21
"great",21
"lot",21
"reflect",21
"suggest",21
"cultur",21
"number",21
"recent",21
"govern",21
"limit",21
"obliqu",21
"procedur",21
"sometim",21
"wherea",21
"turn",21
"sean",21
"dilemma",21
"altern",20
"assumpt",20
"classic",20
"less",20
"logic",20
"move",20
"observ",20
"order",20
"research",20
"search",20
"goal",20
"perhap",20
"yet",20
"choic",20
"life",20
"uniqu",20
"glyma",20
"includ",20
"stori",20
"client",20
"myth",20
"close",19
"difficult",19
"element",19
"given",19
"imposs",19
"improv",19
"intend",19
"interpret",19
"pretti",19
"taken",19
"skill",19
"continu",19
"elabor",19
"methodolog",19
"principl",19
"probabl",19
"pole",19
"ago",18
"applic",18
"built",18
"least",18
"lie",18
"method",18
"piec",18
"relationship",18
"scientif",18
"summari",18
"coupl",18
"identifi",18
"innov",18
"side",18
"similar",18
"solv",18
"wrong",18
"illustr",18
"second",18
"leav",18
"pattern",18
"tri",18
"scapegoat",18
"bryant",18
"disclo",18
"offic",18
"analysi",17
"appropri",17
"attribut",17
"benefit",17
"collect",17
"concern",17
"corpor",17
"despit",17
"determin",17
"explain",17
"latter",17
"remain",17
"univ",17
"viewpoint",17
"easi",17
"encourag",17
"face",17
"leadership",17
"opportun",17
"report",17
"train",17
"whole",17
"appear",17
"critic",17
"hard",17
"platitud",17
"unexpect",17
"task",17
"negat",17
"egg",17
"accept",16
"accord",16
"begin",16
"check",16
"correct",16
"diver",16
"earlier",16
"exist",16
"four",16
"refer",16
"role",16
"signif",16
"subject",16
"togeth",16
"valid",16
"entrepreneur",16
"frame",16
"guy",16
"insight",16
"wrote",16
"came",16
"compendium",16
"histori",16
"later",16
"play",16
"pmos",16
"anomali",16
"appli",15
"appreci",15
"contrast",15
"convent",15
"fix",15
"goe",15
"major",15
"next",15
"practit",15
"section",15
"strateg",15
"via",15
"categori",15
"quot",15
"everi",15
"list",15
"reduc",15
"act",15
"avoid",15
"behind",15
"display",15
"head",15
"improvi",15
"secur",15
"sharepoint",15
"light",15
"program",15
"recommend",15
"ritual",15
"shift",15
"sort",15
"influenc",15
"style",15
"artifact",15
"watson",15
"affect",14
"agr",14
"basic",14
"bring",14
"entitl",14
"gather",14
"rare",14
"rate",14
"serv",14
"show",14
"step",14
"thus",14
"under",14
"vendor",14
"essenti",14
"evolv",14
"member",14
"norm",14
"opinion",14
"qualiti",14
"strategi",14
"trust",14
"engin",14
"ensur",14
"keep",14
"known",14
"link",14
"measur",14
"outsourc",14
"rittel",14
"still",14
"tackl",14
"left",14
"write",14
"conceptu",14
"familiar",14
"almost",14
"workshop",14
"pmo",14
"comput",13
"ignor",13
"learnt",13
"perceiv",13
"someon",13
"statement",13
"tradit",13
"worldview",13
"alreadi",13
"carri",13
"causal",13
"culms",13
"advantag",13
"encount",13
"upfront",13
"various",13
"along",13
"content",13
"feel",13
"home",13
"minut",13
"maker",13
"mechani",13
"mine",13
"predict",13
"stuff",13
"polar",13
"heidegg",13
"access",12
"argu",12
"background",12
"beyond",12
"communic",12
"conclus",12
"concret",12
"entiti",12
"explor",12
"inevit",12
"law",12
"maintain",12
"name",12
"nevertheless",12
"philosophi",12
"root",12
"seek",12
"store",12
"whatev",12
"advic",12
"blame",12
"hackman",12
"increment",12
"per",12
"worth",12
"acknowledg",12
"arent",12
"decid",12
"driven",12
"friend",12
"front",12
"intent",12
"ironi",12
"mechan",12
"neil",12
"old",12
"potenti",12
"preci",12
"realiz",12
"thank",12
"top",12
"unfortun",12
"connect",12
"gain",12
"infrastructur",12
"mind",12
"somewhat",12
"told",12
"knew",12
"senior",12
"essenc",12
"exact",12
"physic",12
"non",12
"didnt",12
"resolv",12
"anali",12
"togaf",12
"ari",11
"consensus",11
"correspond",11
"debat",11
"disciplin",11
"exerci",11
"fit",11
"gap",11
"highlight",11
"interact",11
"invari",11
"necessarili",11
"parti",11
"reader",11
"record",11
"guid",11
"immedi",11
"industri",11
"theme",11
"among",11
"avail",11
"noth",11
"select",11
"student",11
"laugh",11
"superfici",11
"attitud",11
"rememb",11
"either",11
"matur",11
"doesnt",11
"youv",11
"speed",11
"akin",10
"anyth",10
"attent",10
"belief",10
"capabl",10
"class",10
"dimen",10
"establish",10
"locat",10
"particip",10
"previous",10
"repres",10
"sound",10
"spectrum",10
"fair",10
"ground",10
"leader",10
"meet",10
"notic",10
"poor",10
"agil",10
"cant",10
"characterist",10
"coin",10
"concept",10
"constraint",10
"current",10
"guidelin",10
"interview",10
"necessari",10
"seri",10
"week",10
"respond",10
"away",10
"seam",10
"staff",10
"â€™m",10
"guess",10
"editor",10
"got",10
"troubl",10
"raw",10
"abstract",9
"account",9
"appar",9
"autom",9
"bias",9
"blog",9
"conflict",9
"domin",9
"everyon",9
"form",9
"former",9
"inadequ",9
"iter",9
"kpis",9
"multipl",9
"purpo",9
"regular",9
"reveal",9
"scienc",9
"suppo",9
"allow",9
"behaviour",9
"challeng",9
"commit",9
"led",9
"navig",9
"stand",9
"cope",9
"impo",9
"lesson",9
"mistak",9
"platform",9
"run",9
"stop",9
"strong",9
"break",9
"committ",9
"nice",9
"sell",9
"wonder",9
"wont",9
"due",9
"deep",9
"donâ€™t",9
"took",9
"unchang",9
"special",9
"deontic",9
"narrat",9
"spend",9
"basi",9
"symptom",9
"flaw",9
"accur",8
"apart",8
"brilliant",8
"choo",8
"doubt",8
"effici",8
"emphasi",8
"formal",8
"haberma",8
"introduct",8
"languag",8
"lose",8
"manageri",8
"reach",8
"sale",8
"symbol",8
"virtu",8
"easier",8
"eventu",8
"financ",8
"forc",8
"isnt",8
"miss",8
"transform",8
"capac",8
"chanc",8
"cloud",8
"coher",8
"craft",8
"local",8
"manner",8
"occurr",8
"paradox",8
"polici",8
"primarili",8
"resili",8
"school",8
"session",8
"summar",8
"topic",8
"understood",8
"version",8
"wisdom",8
"artefact",8
"cognit",8
"conklin",8
"cover",8
"jeff",8
"kunz",8
"over",8
"rang",8
"tag",8
"titl",8
"unlik",8
"went",8
"what",8
"felt",8
"mode",8
"six",8
"adjust",8
"alon",8
"â€™ve",8
"align",8
"standardi",8
"switch",8
"comfort",8
"loss",8
"psycholog",8
"psychologist",8
"western",8
"stay",8
"vision",8
"worri",8
"care",8
"near",8
"heresi",8
"postmodern",8
"savag",8
"communiti",7
"convinc",7
"delib",7
"eye",7
"formul",7
"impress",7
"indic",7
"kpi",7
"outsid",7
"pictur",7
"regard",7
"sensibl",7
"shall",7
"coach",7
"correl",7
"five",7
"fundament",7
"game",7
"held",7
"heret",7
"hero",7
"ideal",7
"integr",7
"man",7
"manifest",7
"neutral",7
"outlin",7
"resourc",7
"separ",7
"walk",7
"wish",7
"adequ",7
"adopt",7
"anxieti",7
"expen",7
"fashion",7
"feedback",7
"higher",7
"inspir",7
"length",7
"longer",7
"materi",7
"mental",7
"messag",7
"plea",7
"publish",7
"review",7
"scope",7
"there",7
"treat",7
"amount",7
"classifi",7
"descript",7
"difficulti",7
"evid",7
"excel",7
"full",7
"phase",7
"rai",7
"seven",7
"sign",7
"sit",7
"colleagu",7
"half",7
"miner",7
"novel",7
"prone",7
"receiv",7
"uncertain",7
"everyth",7
"host",7
"restructur",7
"speak",7
"messi",7
"prescript",7
"broad",7
"danger",7
"diagnosi",7
"criteria",7
"hour",7
"scenario",7
"equip",7
"diagon",7
"classif",7
"agent",7
"alvesson",7
"johansson",7
"central",7
"repli",7
"smile",7
"statist",7
"readi",7
"apparit",7
"bradley",7
"affair",6
"art",6
"briefli",6
"contest",6
"drive",6
"exten",6
"hope",6
"metaphor",6
"motiv",6
"mutual",6
"oppo",6
"perfect",6
"philosoph",6
"popular",6
"problemat",6
"properti",6
"reconcil",6
"remind",6
"rep",6
"serious",6
"tacit",6
"trace",6
"varieti",6
"whose",6
"visual",6
"arriv",6
"chapter",6
"clariti",6
"constitut",6
"foster",6
"prescrib",6
"pressur",6
"rhetor",6
"rise",6
"settl",6
"size",6
"adverti",6
"budget",6
"complic",6
"conclud",6
"confus",6
"distinct",6
"distinguish",6
"educ",6
"forego",6
"market",6
"month",6
"path",6
"rest",6
"servic",6
"versus",6
"wor",6
"academ",6
"anyon",6
"click",6
"contextu",6
"coordin",6
"databa",6
"dealt",6
"forward",6
"frequent",6
"gibi",6
"larger",6
"media",6
"pay",6
"primari",6
"public",6
"resolut",6
"save",6
"site",6
"sourc",6
"today",6
"trigger",6
"centuri",6
"coal",6
"enforc",6
"equal",6
"except",6
"fall",6
"late",6
"pick",6
"scale",6
"trend",6
"trist",6
"workplac",6
"deliv",6
"unforeseen",6
"â€™re",6
"extern",6
"iron",6
"absolut",6
"arenâ€™t",6
"hole",6
"interv",6
"latent",6
"brain",6
"desk",6
"experienc",6
"honest",6
"nail",6
"proceed",6
"soft",6
"spent",6
"zone",6
"recogn",6
"typolog",6
"broker",6
"esot",6
"remark",6
"shortcom",6
"impli",6
"rituali",6
"util",6
"evalu",6
"conscienc",6
"chair",6
"survey",6
"empha",6
"johnson",6
"authent",6
"einstein",6
"writer",6
"drechsler",6
"bateson",6
"eriksen",6
"chosen",5
"comment",5
"commerci",5
"contain",5
"contradictori",5
"enhanc",5
"expend",5
"field",5
"free",5
"guarant",5
"incomplet",5
"incorpor",5
"negoti",5
"network",5
"opposit",5
"paid",5
"paus",5
"radic",5
"recal",5
"socio",5
"theoret",5
"wareh",5
"wikipedia",5
"addit",5
"assembl",5
"assign",5
"compani",5
"earn",5
"institut",5
"low",5
"pre",5
"programm",5
"adver",5
"antifragil",5
"articul",5
"comprehen",5
"converg",5
"experti",5
"foerster",5
"gone",5
"happi",5
"hint",5
"kay",5
"land",5
"love",5
"minim",5
"neither",5
"percept",5
"replac",5
"specifi",5
"taught",5
"test",5
"unfold",5
"von",5
"advanc",5
"anecdot",5
"bunch",5
"cooper",5
"defen",5
"exagg",5
"intranet",5
"introduc",5
"listen",5
"lous",5
"meant",5
"memori",5
"page",5
"phrase",5
"prove",5
"questmap",5
"rapid",5
"spoke",5
"subsequ",5
"war",5
"autonom",5
"bureaucrat",5
"coalfac",5
"compar",5
"demonstr",5
"elimin",5
"liter",5
"mid",5
"moral",5
"suffer",5
"admit",5
"beer",5
"editorâ€™",5
"mistaken",5
"ongo",5
"onlin",5
"actor",5
"foreseen",5
"handl",5
"hidden",5
"bad",5
"forth",5
"hear",5
"hierarchi",5
"invit",5
"isnâ€™t",5
"laughter",5
"push",5
"rocket",5
"steer",5
"strike",5
"here",5
"sensit",5
"suit",5
"tabl",5
"teach",5
"upon",5
"generali",5
"inher",5
"reckon",5
"rigid",5
"sever",5
"worthi",5
"henc",5
"quadrant",5
"subset",5
"embodi",5
"portray",5
"lifecycl",5
"dead",5
"mainfram",5
"prior",5
"sherlock",5
"sponsorship",5
"impact",5
"suspect",5
"doppelgang",5
"doubl",5
"travel",5
"cartesian",5
"maxwel",5
"bowl",5
"rotten",5
"agreement",4
"analyst",4
"becam",4
"bodi",4
"closer",4
"compromi",4
"deem",4
"depict",4
"disagr",4
"discour",4
"escap",4
"especi",4
"famili",4
"greater",4
"heinz",4
"invent",4
"judg",4
"pose",4
"presum",4
"straightforward",4
"surfac",4
"synthesi",4
"transfer",4
"absorb",4
"accompani",4
"autonomi",4
"boundari",4
"confid",4
"cross",4
"imag",4
"modern",4
"overcom",4
"pursu",4
"safe",4
"subtl",4
"target",4
"transpar",4
"adapt",4
"buzzword",4
"cavallo",4
"clarifi",4
"constrain",4
"cont",4
"crisi",4
"david",4
"demand",4
"drawn",4
"enter",4
"erp",4
"explicit",4
"fabl",4
"fill",4
"gate",4
"harder",4
"horst",4
"john",4
"microsoft",4
"money",4
"otherwi",4
"ponder",4
"preston",4
"salient",4
"spare",4
"submit",4
"anticip",4
"attach",4
"audio",4
"brought",4
"center",4
"con",4
"confront",4
"decad",4
"earliest",4
"emb",4
"extend",4
"fores",4
"grammar",4
"lou",4
"manual",4
"master",4
"paraphra",4
"pros",4
"queri",4
"shown",4
"sigma",4
"sum",4
"sustain",4
"teacher",4
"ten",4
"virtual",4
"alloc",4
"bamforth",4
"board",4
"easili",4
"everyday",4
"finish",4
"haighmoor",4
"labour",4
"mate",4
"produc",4
"remov",4
"sociotechn",4
"tavistock",4
"total",4
"underground",4
"worker",4
"workgroup",4
"dramat",4
"imagin",4
"instanc",4
"period",4
"static",4
"contrari",4
"drift",4
"entail",4
"fraction",4
"hous",4
"machin",4
"orient",4
"puzzl",4
"slow",4
"archetyp",4
"canâ€™t",4
"catch",4
"chat",4
"conveni",4
"deepli",4
"empir",4
"judgement",4
"reinforc",4
"strang",4
"trade",4
"unintend",4
"air",4
"audienc",4
"blanket",4
"box",4
"code",4
"damn",4
"discourag",4
"espous",4
"folk",4
"genuin",4
"hang",4
"heard",4
"hippi",4
"inventor",4
"night",4
"pain",4
"past",4
"reli",4
"retir",4
"room",4
"safeti",4
"sponsor",4
"theyr",4
"third",4
"toler",4
"regardless",4
"undecid",4
"contradict",4
"corner",4
"schon",4
"devi",4
"unawar",4
"unusu",4
"add",4
"altogeth",4
"anti",4
"pro",4
"trader",4
"deeper",4
"unit",4
"actant",4
"checklist",4
"conscious",4
"input",4
"modifi",4
"mundan",4
"chee",4
"layer",4
"swiss",4
"unsaf",4
"bigger",4
"trivial",4
"pardon",4
"cook",4
"facet",4
"pertain",4
"coff",4
"none",4
"normal",4
"grass",4
"desir",4
"asset",4
"attend",4
"subsidiari",4
"tailor",4
"customari",4
"enum",4
"afield",3
"assert",3
"beg",3
"behold",3
"cast",3
"chronic",3
"criterion",3
"deconstruct",3
"democraci",3
"elicit",3
"excerpt",3
"express",3
"forgotten",3
"fuse",3
"inclin",3
"klein",3
"lyytinen",3
"movement",3
"newli",3
"odd",3
"overrid",3
"oversight",3
"peter",3
"prece",3
"proper",3
"purcha",3
"sole",3
"tie",3
"win",3
"bake",3
"era",3
"lost",3
"advoc",3
"biggest",3
"cent",3
"compel",3
"contenti",3
"credit",3
"divi",3
"dynam",3
"entertain",3
"exhibit",3
"exhort",3
"fear",3
"forti",3
"inclus",3
"mentor",3
"mere",3
"proven",3
"reiter",3
"reward",3
"richard",3
"speciali",3
"suppress",3
"throughout",3
"truli",3
"wageman",3
"arguabl",3
"behavior",3
"complianc",3
"contract",3
"distribut",3
"diverg",3
"fine",3
"grow",3
"incorrect",3
"inthi",3
"irrit",3
"mix",3
"overview",3
"patient",3
"phone",3
"realist",3
"reform",3
"respect",3
"retrospect",3
"robust",3
"spirit",3
"stage",3
"status",3
"straight",3
"uncontrol",3
"wait",3
"agenc",3
"aid",3
"arrow",3
"asid",3
"aspir",3
"blind",3
"bulb",3
"circumst",3
"core",3
"earth",3
"eleg",3
"extent",3
"feasibl",3
"graphic",3
"identif",3
"incr",3
"legal",3
"leverag",3
"mark",3
"met",3
"overhead",3
"paradigm",3
"persist",3
"profil",3
"promot",3
"prototyp",3
"revi",3
"slide",3
"unknown",3
"unless",3
"urban",3
"visit",3
"whiteboard",3
"widespread",3
"won",3
"workaround",3
"arrang",3
"began",3
"bound",3
"ciborra",3
"competit",3
"compo",3
"cycl",3
"price",3
"reliabl",3
"scapego",3
"supervi",3
"supervisor",3
"welcom",3
"bear",3
"charg",3
"motion",3
"newtonâ€™",3
"physicist",3
"preach",3
"refus",3
"shake",3
"snapshot",3
"spacecraft",3
"tentat",3
"territori",3
"googl",3
"ident",3
"interfac",3
"react",3
"charact",3
"compon",3
"countertransf",3
"crop",3
"crowd",3
"emot",3
"explan",3
"famous",3
"filter",3
"flight",3
"health",3
"instal",3
"jame",3
"linear",3
"middl",3
"peer",3
"perth",3
"predomin",3
"quick",3
"ring",3
"road",3
"sector",3
"succeed",3
"uneth",3
"â€™d",3
"beauti",3
"boil",3
"circl",3
"copi",3
"curious",3
"date",3
"diagram",3
"divid",3
"eat",3
"edit",3
"forget",3
"gentl",3
"gig",3
"grappl",3
"hell",3
"mission",3
"moment",3
"morn",3
"portal",3
"prepar",3
"recept",3
"saw",3
"smaller",3
"solicit",3
"struggl",3
"unpack",3
"weve",3
"wit",3
"artist",3
"discov",3
"lean",3
"scientist",3
"stereotyp",3
"analyz",3
"compet",3
"epistemolog",3
"pmbok",3
"ship",3
"spot",3
"squar",3
"strap",3
"ubiqu",3
"bottom",3
"caught",3
"optimist",3
"camp",3
"duplic",3
"extrem",3
"hire",3
"reduct",3
"self",3
"supplier",3
"vari",3
"blueprint",3
"incent",3
"label",3
"rollout",3
"substanc",3
"thorough",3
"crux",3
"customi",3
"feldman",3
"foundat",3
"fruit",3
"misunderstood",3
"pentland",3
"resist",3
"alarm",3
"centrali",3
"cite",3
"pathogen",3
"reaction",3
"swamp",3
"wider",3
"digest",3
"lord",3
"resembl",3
"shook",3
"unduli",3
"baker",3
"dinner",3
"fantasi",3
"fetish",3
"nonsen",3
"sad",3
"seldom",3
"struck",3
"cut",3
"sampl",3
"approv",3
"bloomberg",3
"variabl",3
"couldnt",3
"multin",3
"spoken",3
"stain",3
"stupid",3
"tome",3
"voic",3
"wrist",3
"barber",3
"lower",3
"pseudo",3
"suscept",3
"downsid",3
"oscil",3
"car",3
"electromagnet",3
"entrepreneuri",3
"gloss",3
"histor",3
"newton",3
"ventur",3
"afor",3
"omelet",3
"sixth",3
"gregori",3
"leisur",3
"agenda",2
"algorithm",2
"analog",2
"apt",2
"blood",2
"comparison",2
"consensu",2
"delv",2
"democrat",2
"energi",2
"enquir",2
"enquiri",2
"fulli",2
"german",2
"ilk",2
"juergen",2
"legitim",2
"patienc",2
"premi",2
"purview",2
"releg",2
"richer",2
"rigor",2
"rigour",2
"stake",2
"systemat",2
"theorist",2
"uncov",2
"vehicl",2
"volum",2
"essay",2
"shum",2
"bonus",2
"burgeon",2
"cloth",2
"conduc",2
"dollar",2
"doublespeak",2
"empathi",2
"finger",2
"fuel",2
"interdepend",2
"intract",2
"launch",2
"multi",2
"music",2
"prioriti",2
"recogni",2
"recognit",2
"reluct",2
"season",2
"shout",2
"simplifi",2
"sophist",2
"stark",2
"super",2
"teamwork",2
"thrive",2
"vex",2
"wave",2
"worst",2
"advisori",2
"allud",2
"bill",2
"borrow",2
"breakthrough",2
"broaden",2
"clarif",2
"compli",2
"couch",2
"degr",2
"disappoint",2
"disast",2
"distant",2
"economist",2
"elsewh",2
"evidenc",2
"exhaust",2
"fragil",2
"fraught",2
"imper",2
"indirect",2
"laid",2
"liabl",2
"lowest",2
"nobodi",2
"oil",2
"regim",2
"scrutini",2
"shortcut",2
"shot",2
"snake",2
"strength",2
"strive",2
"thinker",2
"tragedi",2
"ultim",2
"adversari",2
"amazon",2
"amongst",2
"app",2
"beta",2
"bridg",2
"buy",2
"campus",2
"centr",2
"chris",2
"confer",2
"dedic",2
"denot",2
"desktop",2
"directori",2
"disclosur",2
"disput",2
"drill",2
"excit",2
"fast",2
"fed",2
"fig",2
"foreshadow",2
"forest",2
"glanc",2
"glimmer",2
"global",2
"graph",2
"green",2
"groupwar",2
"hierarch",2
"hypertext",2
"infer",2
"intellectu",2
"intuit",2
"invest",2
"joint",2
"judgment",2
"keyword",2
"loui",2
"metadata",2
"novic",2
"obtain",2
"partial",2
"pronounc",2
"renew",2
"repertoir",2
"revisit",2
"ride",2
"searchabl",2
"segment",2
"sic",2
"sub",2
"swim",2
"tax",2
"thoma",2
"tomich",2
"tour",2
"transcript",2
"treatment",2
"tree",2
"watch",2
"web",2
"websit",2
"werner",2
"whenc",2
"window",2
"absent",2
"accid",2
"attract",2
"averag",2
"bargain",2
"born",2
"british",2
"bureaucraci",2
"claudio",2
"delay",2
"everywh",2
"evolut",2
"extract",2
"fellow",2
"infrequ",2
"kept",2
"match",2
"men",2
"monitor",2
"nation",2
"nationali",2
"news",2
"phenomenon",2
"postgradu",2
"reput",2
"rife",2
"stress",2
"unsuit",2
"unsurpri",2
"werent",2
"workmat",2
"cash",2
"ceo",2
"conc",2
"constant",2
"contemporari",2
"dear",2
"envi",2
"hate",2
"hello",2
"heraclitian",2
"http",2
"minor",2
"societi",2
"spell",2
"stafford",2
"twentieth",2
"vol",2
"wash",2
"wonâ€™t",2
"wrought",2
"ander",2
"assur",2
"collag",2
"conform",2
"contribut",2
"devic",2
"envisag",2
"favour",2
"grandio",2
"growth",2
"hack",2
"itil",2
"letâ€™",2
"patch",2
"scholar",2
"stumbl",2
"tame",2
"trip",2
"unpredict",2
"violat",2
"alleg",2
"appeal",2
"australia",2
"breakdown",2
"catastroph",2
"chord",2
"clinic",2
"cybernet",2
"cyberneticist",2
"damag",2
"daniel",2
"diagnost",2
"dialog",2
"drop",2
"evolutionari",2
"exclus",2
"fault",2
"frontal",2
"frustrat",2
"heurist",2
"hey",2
"hillman",2
"ideolog",2
"incommensur",2
"interven",2
"kailash",2
"kailashâ€™",2
"kid",2
"meander",2
"multifacet",2
"overarch",2
"pass",2
"persona",2
"pleasur",2
"privat",2
"profit",2
"promi",2
"promin",2
"protect",2
"resort",2
"send",2
"sticki",2
"tight",2
"tune",2
"uncoupl",2
"underpin",2
"unimport",2
"white",2
"afternoon",2
"alright",2
"anyway",2
"brainer",2
"bucket",2
"card",2
"chase",2
"complain",2
"enjoy",2
"exchang",2
"excus",2
"fascin",2
"fli",2
"flick",2
"gear",2
"generic",2
"handi",2
"hindsight",2
"immer",2
"implicit",2
"journey",2
"librari",2
"linkedin",2
"luck",2
"lucki",2
"mainstay",2
"mitig",2
"precursor",2
"print",2
"refram",2
"round",2
"sheer",2
"sketch",2
"soon",2
"split",2
"terrif",2
"thread",2
"trial",2
"trick",2
"twenti",2
"urg",2
"veteran",2
"wast",2
"wrap",2
"youll",2
"fal",2
"hide",2
"juggl",2
"strict",2
"artistri",2
"bok",2
"codifi",2
"discern",2
"exemplar",2
"highway",2
"instinct",2
"investig",2
"maze",2
"overwork",2
"picket",2
"request",2
"stretch",2
"string",2
"textbook",2
"uncommon",2
"wooden",2
"chain",2
"connot",2
"counter",2
"crise",2
"gave",2
"greener",2
"shape",2
"trajectori",2
"upgrad",2
"vigil",2
"withdraw",2
"guru",2
"hardest",2
"journal",2
"massiv",2
"overt",2
"oxford",2
"politician",2
"possess",2
"proactiv",2
"purveyor",2
"shoot",2
"signal",2
"sold",2
"text",2
"vanish",2
"adher",2
"arbitrari",2
"forum",2
"handov",2
"incept",2
"lock",2
"loop",2
"safeguard",2
"shorn",2
"specul",2
"whilst",2
"complement",2
"complementari",2
"encod",2
"independ",2
"migrat",2
"mindless",2
"misunderstand",2
"notwithstand",2
"osten",2
"outreach",2
"sequenc",2
"somewh",2
"standalon",2
"undesir",2
"unifi",2
"yawn",2
"defenc",2
"deleg",2
"drain",2
"frontlin",2
"hinder",2
"inconsist",2
"lap",2
"medic",2
"modul",2
"oft",2
"paragraph",2
"prevent",2
"recur",2
"slice",2
"sllkc",2
"stephen",2
"unaddress",2
"unrealist",2
"ado",2
"adventur",2
"bemoan",2
"crimin",2
"dubious",2
"elementari",2
"foreword",2
"malai",2
"merit",2
"misl",2
"mortem",2
"press",2
"return",2
"standish",2
"surmi",2
"tale",2
"termin",2
"wasnt",2
"claus",2
"dab",2
"dessert",2
"drama",2
"exploit",2
"expo",2
"intrigu",2
"polic",2
"sat",2
"street",2
"synonym",2
"tad",2
"talent",2
"aka",2
"ambiti",2
"bowker",2
"boyd",2
"corollari",2
"crawford",2
"dataset",2
"detect",2
"embark",2
"examin",2
"extrapol",2
"harford",2
"harmon",2
"magazin",2
"obsolet",2
"oxymoron",2
"panacea",2
"umbrella",2
"boss",2
"broken",2
"econom",2
"embrac",2
"omit",2
"ralph",2
"upper",2
"zachman",2
"chino",2
"hit",2
"immen",2
"interrupt",2
"rap",2
"seat",2
"sprain",2
"reali",2
"advi",2
"cafÃ",2
"door",2
"evoc",2
"hallway",2
"lectur",2
"mayb",2
"nighter",2
"pile",2
"scarc",2
"simplist",2
"smell",2
"unappreci",2
"unrecogn",2
"dysfunct",2
"estim",2
"likelihood",2
"nine",2
"riski",2
"sphere",2
"syndrom",2
"tom",2
"ambiv",2
"anybodi",2
"bearer",2
"bold",2
"crusad",2
"necess",2
"antec",2
"champion",2
"clerk",2
"critiqu",2
"daili",2
"detach",2
"dispass",2
"dive",2
"drucker",2
"garden",2
"gurus",2
"heideggerean",2
"interrel",2
"motionless",2
"climat",2
"factual",2
"quantit",2
"saucer",2
"somehow",2
"throw",2
"unambigu",2
"instructor",2
"introductori",2
"ivori",2
"tower",2
"communiqu",2
"decrea",2
"dictionari",2
"empti",2
"revv",2
"unstabl",2
"acustom",1
"andaddress",1
"antiqu",1
"aristotl",1
"ascustom",1
"augment",1
"beforehand",1
"businessth",1
"calcul",1
"centric",1
"chen",1
"claimant",1
"crm",1
"cumbersom",1
"diametr",1
"ensu",1
"entireti",1
"evermor",1
"falsiti",1
"flow",1
"greek",1
"hing",1
"huge",1
"iecollect",1
"insofar",1
"intersubject",1
"invalu",1
"jurgen",1
"kall",1
"lifeblood",1
"muddi",1
"notationspractit",1
"ofent",1
"onus",1
"organationth",1
"ownership",1
"pave",1
"plato",1
"puriti",1
"rationail",1
"refin",1
"restrict",1
"shrift",1
"simplest",1
"socrat",1
"supplement",1
"taint",1
"techniqueshowev",1
"theprincipl",1
"thetruth",1
"uncontroversi",1
"undocu",1
"verif",1
"vesselsalthough",1
"warn",1
"wherein",1
"buckingham",1
"plot",1
"simon",1
"approxim",1
"artifici",1
"athlet",1
"baton",1
"belli",1
"buck",1
"conduct",1
"conductor",1
"courag",1
"creativ",1
"cxos",1
"deliveri",1
"detour",1
"elus",1
"ensembl",1
"exceed",1
"fire",1
"flip",1
"flourish",1
"grant",1
"homogen",1
"impart",1
"ineffect",1
"inenterpri",1
"instruct",1
"intra",1
"limelight",1
"magic",1
"mandat",1
"mass",1
"membership",1
"par",1
"pin",1
"pitfal",1
"redefin",1
"rein",1
"ruth",1
"sidelin",1
"sport",1
"stabil",1
"stabl",1
"straw",1
"tear",1
"tendenc",1
"theleadership",1
"threat",1
"tide",1
"translat",1
"underway",1
"villain",1
"visibl",1
"ace",1
"agilista",1
"anywh",1
"arbit",1
"arescapego",1
"assort",1
"attain",1
"bewar",1
"bidder",1
"bizarr",1
"buffett",1
"byproduct",1
"cameo",1
"cautionari",1
"checkbox",1
"clutch",1
"cya",1
"cynefin",1
"defineeffici",1
"devoid",1
"diktat",1
"disastr",1
"dislik",1
"dispen",1
"doom",1
"draft",1
"drown",1
"encapsul",1
"endeavour",1
"english",1
"entitledconfess",1
"epitom",1
"evangel",1
"expand",1
"fog",1
"gerald",1
"hibino",1
"hype",1
"indigen",1
"innum",1
"letter",1
"liber",1
"marketplac",1
"midwif",1
"nadler",1
"narrow",1
"nextprincipl",1
"nichola",1
"nuanc",1
"offshor",1
"ofth",1
"ofwick",1
"oner",1
"orenterpri",1
"penal",1
"platitudin",1
"pointless",1
"preclud",1
"preten",1
"propag",1
"pull",1
"punish",1
"ream",1
"recip",1
"remaind",1
"reserv",1
"righteous",1
"salesperson",1
"script",1
"seed",1
"serendip",1
"serendipit",1
"shozo",1
"snowden",1
"sop",1
"sow",1
"stone",1
"symmetri",1
"taleb",1
"tiebreak",1
"town",1
"trickier",1
"unabl",1
"unattain",1
"vogu",1
"voip",1
"wari",1
"warren",1
"administr",1
"age",1
"aggreg",1
"ahypergraph",1
"altruist",1
"android",1
"anew",1
"archiv",1
"australian",1
"award",1
"backstori",1
"baltimor",1
"begeman",1
"beginn",1
"berkeley",1
"bike",1
"blue",1
"breadcrumb",1
"brow",1
"catali",1
"changer",1
"children",1
"chow",1
"clip",1
"clunki",1
"collaborativedesign",1
"counterplay",1
"creation",1
"deck",1
"demo",1
"director",1
"disk",1
"documentalist",1
"download",1
"drone",1
"edg",1
"edison",1
"exert",1
"exploratori",1
"farm",1
"ffwd",1
"florida",1
"fluenci",1
"folder",1
"foresaw",1
"freewar",1
"glymafi",1
"graduat",1
"grasp",1
"harm",1
"hood",1
"hook",1
"hypermedia",1
"icon",1
"incess",1
"interconnect",1
"jealous",1
"jnr",1
"juli",1
"keynot",1
"keystrok",1
"librarian",1
"longstand",1
"mapper",1
"masteri",1
"mediat",1
"misinterpret",1
"moodl",1
"neighbour",1
"newer",1
"notabl",1
"oppon",1
"pertin",1
"planner",1
"postfor",1
"postor",1
"predecessor",1
"preoccup",1
"prohibit",1
"prose",1
"qoc",1
"quaint",1
"red",1
"reject",1
"remot",1
"repri",1
"retriev",1
"rew",1
"schedul",1
"showca",1
"silverlight",1
"slideshar",1
"snippet",1
"subtop",1
"succinct",1
"supplementari",1
"surround",1
"tea",1
"track",1
"traction",1
"trail",1
"triall",1
"unstructur",1
"updat",1
"uptim",1
"valuabl",1
"vertic",1
"visuali",1
"yellow",1
"zulli",1
"atmosph",1
"attrit",1
"backdrop",1
"bureaucrati",1
"civil",1
"clash",1
"coalfield",1
"composit",1
"compound",1
"disorgani",1
"disrupt",1
"echo",1
"eric",1
"factori",1
"ford",1
"founder",1
"glare",1
"interchang",1
"ken",1
"marrow",1
"minimum",1
"older",1
"pit",1
"plagu",1
"recaptur",1
"recount",1
"referenc",1
"regul",1
"reorgani",1
"subdivid",1
"supportth",1
"surviv",1
"taylor",1
"trustworthi",1
"viabl",1
"wage",1
"workcycl",1
"yorkshir",1
"admiss",1
"ahead",1
"beneath",1
"calculus",1
"categor",1
"channel",1
"convert",1
"copernicus",1
"culpabliss",1
"etern",1
"figment",1
"gravit",1
"gravityi",1
"inquiri",1
"manufactur",1
"metalogu",1
"millennia",1
"painstak",1
"penuri",1
"ptolemi",1
"quo",1
"rdspringercom",1
"rebutt",1
"recant",1
"replet",1
"seduc",1
"solar",1
"unanticip",1
"uniti",1
"zeno",1
"arrest",1
"automat",1
"bed",1
"beli",1
"crucial",1
"eager",1
"electr",1
"expan",1
"explo",1
"fee",1
"heterogen",1
"imposit",1
"incur",1
"infrastuctur",1
"interweav",1
"intricaci",1
"irrespect",1
"jensen",1
"mainten",1
"monolith",1
"nullifi",1
"ofenterpri",1
"othersâ€™",1
"papersuggest",1
"parent",1
"plethora",1
"profound",1
"random",1
"sap",1
"shortlist",1
"sour",1
"span",1
"thirti",1
"transact",1
"underestim",1
"unwieldi",1
"verifi",1
"waud",1
"acquiesc",1
"addam",1
"againhop",1
"albeit",1
"allianc",1
"ancient",1
"behav",1
"beingsand",1
"betray",1
"billion",1
"biodiv",1
"bradi",1
"brutus",1
"budgetbut",1
"butemerg",1
"caesarâ€™",1
"carnabi",1
"changeand",1
"circuit",1
"cockatoo",1
"cogniz",1
"commensur",1
"consequencesand",1
"council",1
"counterpart",1
"depth",1
"devolv",1
"discretionari",1
"doesnâ€™t",1
"east",1
"eastern",1
"editorsâ€™",1
"email",1
"enact",1
"envelop",1
"fifti",1
"fixat",1
"followership",1
"freedom",1
"goo",1
"graeco",1
"grea",1
"guest",1
"guyh",1
"habitat",1
"hackmanâ€™",1
"heat",1
"heroic",1
"homer",1
"iliad",1
"inci",1
"indeedand",1
"interestingiâ€™d",1
"interventionist",1
"intp",1
"itwhich",1
"kick",1
"latch",1
"leaderâ€™",1
"likeand",1
"load",1
"loo",1
"loudest",1
"masterclass",1
"moon",1
"movi",1
"nest",1
"odyssey",1
"ofdelib",1
"onand",1
"org",1
"overshadow",1
"pink",1
"powerand",1
"psychiatri",1
"psychologistwhat",1
"psychologistâ€™",1
"psychometr",1
"radio",1
"rationalityand",1
"regist",1
"reson",1
"revert",1
"roman",1
"satisfactori",1
"singapor",1
"slay",1
"squeaki",1
"star",1
"stickythat",1
"subordin",1
"tail",1
"talebâ€™",1
"trump",1
"unbia",1
"uncanni",1
"uptak",1
"wheel",1
"workand",1
"â€™ll",1
"afloat",1
"aha",1
"announc",1
"apolog",1
"asharepoint",1
"beggar",1
"bell",1
"bird",1
"boardroom",1
"bower",1
"brainless",1
"butt",1
"career",1
"cheer",1
"cherri",1
"chest",1
"coda",1
"compress",1
"conquer",1
"cooki",1
"cooler",1
"crass",1
"curriculum",1
"cutter",1
"daunt",1
"deadlock",1
"delphi",1
"deserv",1
"distract",1
"dress",1
"elev",1
"encyclopedia",1
"endless",1
"epic",1
"everybodi",1
"evil",1
"feed",1
"feeli",1
"fest",1
"flipchart",1
"fortun",1
"freebi",1
"gamestorm",1
"glad",1
"gold",1
"grad",1
"gui",1
"hat",1
"hindranc",1
"holist",1
"homework",1
"impract",1
"incid",1
"justit",1
"kpilibrarycom",1
"lookout",1
"metric",1
"mire",1
"neglect",1
"neuroscientist",1
"nowaday",1
"nudg",1
"nutshel",1
"ofdialogu",1
"outfit",1
"output",1
"parabl",1
"petard",1
"photoshop",1
"pitch",1
"plenti",1
"pop",1
"preset",1
"procur",1
"professor",1
"pub",1
"pun",1
"pure",1
"reminisc",1
"resurrect",1
"roadblock",1
"robin",1
"safer",1
"scare",1
"scari",1
"sent",1
"shire",1
"simpler",1
"sink",1
"sleight",1
"slight",1
"sneaki",1
"spark",1
"specialti",1
"spoon",1
"stack",1
"stagger",1
"stalk",1
"subtleti",1
"successor",1
"suck",1
"swig",1
"tack",1
"termleft",1
"thatincrea",1
"thatquest",1
"thecompendium",1
"tibetan",1
"touchi",1
"trash",1
"tremend",1
"uncomfort",1
"unfair",1
"unfamiliar",1
"unwritten",1
"versatil",1
"viscer",1
"vivid",1
"wall",1
"water",1
"weird",1
"wouldnt",1
"yep",1
"yield",1
"accus",1
"criteriath",1
"deriv",1
"garb",1
"gross",1
"metaphi",1
"mirror",1
"overblown",1
"pair",1
"polymath",1
"predetermin",1
"rough",1
"snow",1
"acquir",1
"amen",1
"anchor",1
"disea",1
"disturb",1
"donald",1
"episod",1
"hammer",1
"hone",1
"jumbl",1
"laboratori",1
"lump",1
"pace",1
"pad",1
"peculiar",1
"phenomena",1
"physician",1
"pour",1
"predica",1
"pretend",1
"prevail",1
"redress",1
"rehear",1
"resign",1
"schoen",1
"simul",1
"snap",1
"stick",1
"thanhow",1
"transport",1
"urgent",1
"vagu",1
"wobbl",1
"yard",1
"atm",1
"baggag",1
"corral",1
"cue",1
"denver",1
"empow",1
"engend",1
"entitledclu",1
"fiat",1
"intim",1
"intrin",1
"irrevoc",1
"merck",1
"nasti",1
"novelti",1
"overestim",1
"parlanc",1
"pastur",1
"preval",1
"render",1
"sentenc",1
"soth",1
"spontan",1
"temporari",1
"theyk",1
"twist",1
"underscor",1
"vioxx",1
"anom",1
"black",1
"blackwel",1
"blend",1
"bullet",1
"citat",1
"clark",1
"cursori",1
"declar",1
"doctor",1
"ethnograph",1
"fincham",1
"float",1
"forgo",1
"gung",1
"hatchet",1
"indulg",1
"ipma",1
"jackal",1
"jungl",1
"lawyer",1
"layoff",1
"literatur",1
"mat",1
"messiah",1
"mingl",1
"occas",1
"offen",1
"princ",1
"rightsiz",1
"robert",1
"selfless",1
"silver",1
"slip",1
"smes",1
"technocrat",1
"threaten",1
"troublesom",1
"tuck",1
"violent",1
"virtuoso",1
"wild",1
"witch",1
"â€˜s",1
"â€˜work",1
"affili",1
"analyt",1
"balanc",1
"belong",1
"bicker",1
"detriment",1
"distort",1
"enthusiast",1
"facad",1
"fief",1
"formula",1
"hijack",1
"irrat",1
"loyalti",1
"lynn",1
"manouev",1
"markus",1
"outrank",1
"penchant",1
"player",1
"politick",1
"profici",1
"rank",1
"ritualsthat",1
"robey",1
"roll",1
"signifi",1
"subvert",1
"symboli",1
"tester",1
"trainer",1
"truism",1
"turf",1
"veneer",1
"waterf",1
"actuallyinflu",1
"administ",1
"ampli",1
"automata",1
"brian",1
"decompo",1
"disconnect",1
"drag",1
"enthusiasm",1
"faith",1
"feet",1
"flowchart",1
"folli",1
"grew",1
"grid",1
"ideali",1
"idiosyncrat",1
"invok",1
"licen",1
"martha",1
"materialview",1
"myriad",1
"nearer",1
"obstacl",1
"orchestra",1
"packag",1
"practi",1
"progress",1
"redesign",1
"restat",1
"spreadsheet",1
"stall",1
"strongest",1
"subscrib",1
"tip",1
"tweak",1
"unhe",1
"unravel",1
"vain",1
"weakest",1
"worthwhil",1
"asystem",1
"breed",1
"causat",1
"chernobyl",1
"colloqui",1
"combat",1
"dormant",1
"duffield",1
"duke",1
"ephem",1
"erstwhil",1
"faulti",1
"fromhttp",1
"fund",1
"hospit",1
"hunt",1
"isol",1
"jon",1
"medicin",1
"mess",1
"minimi",1
"mishap",1
"momentari",1
"mosquito",1
"nuclear",1
"patientsafetyedduhsdukeedu",1
"plant",1
"remedi",1
"resid",1
"soviet",1
"swat",1
"swisscheesehtml",1
"temporarili",1
"traffic",1
"union",1
"unstat",1
"whitti",1
"aficionado",1
"afterword",1
"alacr",1
"allur",1
"april",1
"baron",1
"behoov",1
"bid",1
"bloc",1
"breath",1
"chuckl",1
"column",1
"conan",1
"contempl",1
"convey",1
"credibl",1
"departur",1
"desper",1
"detr",1
"doyl",1
"exclaim",1
"farewel",1
"foray",1
"friendship",1
"fulfil",1
"gartner",1
"hadnt",1
"improb",1
"incontrovert",1
"interject",1
"kneejerk",1
"knowi",1
"loath",1
"lordstandish",1
"magnitud",1
"mckinsey",1
"misdiagno",1
"neck",1
"offhand",1
"overwhelm",1
"permit",1
"pet",1
"pilfer",1
"prompt",1
"proof",1
"raison",1
"reactiv",1
"refut",1
"requirementsand",1
"sacrif",1
"sardon",1
"shock",1
"simplic",1
"slowli",1
"sorri",1
"specious",1
"spous",1
"stricter",1
"summer",1
"suspici",1
"symptomat",1
"thumb",1
"tighten",1
"tone",1
"unaccept",1
"undertook",1
"wore",1
"â€˜incontrovert",1
"â€˜thing",1
"abod",1
"abrupt",1
"affirm",1
"afraid",1
"ale",1
"apropo",1
"bore",1
"capit",1
"charm",1
"child",1
"choke",1
"clock",1
"cock",1
"complaint",1
"condescend",1
"curt",1
"deduct",1
"disconcert",1
"evang",1
"exasp",1
"excruci",1
"eyebrow",1
"fame",1
"fanci",1
"fetch",1
"fete",1
"fetishist",1
"firm",1
"flash",1
"fork",1
"headach",1
"heart",1
"hypothesi",1
"illus",1
"inquir",1
"insuff",1
"kitchen",1
"lucrat",1
"modesti",1
"mouth",1
"mull",1
"napkin",1
"overs",1
"portent",1
"postmortem",1
"propen",1
"publici",1
"reinvent",1
"rose",1
"sleep",1
"slim",1
"surgeri",1
"suspen",1
"templat",1
"timefram",1
"toy",1
"undoubt",1
"utter",1
"wastel",1
"wire",1
"yesterday",1
"absurd",1
"accuraci",1
"acquaint",1
"anonym",1
"beprogram",1
"button",1
"cheerlead",1
"cio",1
"collector",1
"competitor",1
"controversi",1
"cumul",1
"danah",1
"differenti",1
"dilbert",1
"downplay",1
"duli",1
"evangelist",1
"favourit",1
"flu",1
"fourth",1
"fret",1
"geoffrey",1
"hadoop",1
"hot",1
"hypoth",1
"indispen",1
"inventori",1
"kate",1
"logist",1
"mirag",1
"naÃ",1
"nosql",1
"passÃ",1
"peddl",1
"provoc",1
"provok",1
"repositori",1
"shop",1
"swallow",1
"tenet",1
"thenam",1
"theundercov",1
"tim",1
"transplant",1
"trumpet",1
"uncannili",1
"uncrit",1
"unprocess",1
"unquest",1
"usabl",1
"webopedia",1
"wholes",1
"yardstick",1
"ackoff",1
"blith",1
"deviat",1
"disadvantag",1
"dose",1
"echelon",1
"extra",1
"forb",1
"hugh",1
"influenti",1
"jason",1
"lazi",1
"off",1
"passag",1
"penalti",1
"prime",1
"privileg",1
"referenti",1
"reimbur",1
"roadmap",1
"russel",1
"satisfi",1
"shun",1
"surfeit",1
"tangibl",1
"throughput",1
"undertak",1
"asia",1
"bah",1
"bemus",1
"besid",1
"bestow",1
"blow",1
"blurt",1
"bother",1
"brand",1
"caveat",1
"clown",1
"countri",1
"cur",1
"dilig",1
"dismiss",1
"dri",1
"eight",1
"enunci",1
"europ",1
"explet",1
"fantast",1
"fond",1
"funniest",1
"gaze",1
"gotten",1
"grab",1
"hatch",1
"havent",1
"hed",1
"hogwash",1
"hundr",1
"hurri",1
"impati",1
"impecc",1
"imperi",1
"inappropri",1
"ineffectu",1
"insist",1
"insult",1
"jump",1
"keen",1
"knuckl",1
"lauren",1
"lesser",1
"lest",1
"liz",1
"mal",1
"million",1
"minus",1
"mortal",1
"mug",1
"notch",1
"nub",1
"pah",1
"pfft",1
"prank",1
"presumptu",1
"pride",1
"progeni",1
"proofread",1
"rude",1
"scene",1
"shirt",1
"shouldv",1
"smartar",1
"solid",1
"spat",1
"spoilt",1
"spread",1
"sputter",1
"squeak",1
"swear",1
"testili",1
"thicker",1
"throat",1
"tire",1
"tissu",1
"twing",1
"unseem",1
"unverifi",1
"upend",1
"wake",1
"wha",1
"wise",1
"wtf",1
"youtub",1
"â€˜judgement",1
"redux",1
"shortest",1
"videoscrib",1
"amaz",1
"angl",1
"apologet",1
"arcan",1
"assail",1
"bar",1
"billabl",1
"bookshelf",1
"burden",1
"cafe",1
"classroom",1
"cologn",1
"crinkl",1
"crossroad",1
"discomfort",1
"exam",1
"faker",1
"fold",1
"friday",1
"gestur",1
"grantsmanship",1
"gum",1
"harri",1
"heap",1
"homecom",1
"hotshot",1
"huh",1
"illustri",1
"impul",1
"insecur",1
"kill",1
"knock",1
"lemon",1
"neat",1
"nod",1
"noticeboard",1
"offenc",1
"pen",1
"permeat",1
"pleasantri",1
"polish",1
"preoccupi",1
"princip",1
"quieter",1
"resum",1
"ruefulli",1
"shelf",1
"shoe",1
"silenc",1
"spearmint",1
"stood",1
"stuck",1
"terribl",1
"thrust",1
"trademark",1
"unscath",1
"useless",1
"vehement",1
"warm",1
"weekend",1
"adult",1
"assess",1
"barberâ€™",1
"barrier",1
"chao",1
"decr",1
"demarco",1
"freeli",1
"generatedor",1
"highest",1
"inver",1
"lister",1
"managerâ€™",1
"matrixorgan",1
"occupi",1
"organationâ€™",1
"pachyderm",1
"preexist",1
"proverbi",1
"qualit",1
"receivership",1
"shed",1
"smallest",1
"smooth",1
"tempt",1
"therein",1
"timothi",1
"tricki",1
"waltz",1
"weak",1
"weakneg",1
"aretradit",1
"bank",1
"barri",1
"detractor",1
"discont",1
"fore",1
"inextr",1
"infin",1
"interwoven",1
"louder",1
"merri",1
"portfolio",1
"rudimentari",1
"rumbl",1
"rush",1
"strategicadvantag",1
"suffic",1
"tension",1
"unproven",1
"wax",1
"weaken",1
"ahistor",1
"albert",1
"antithet",1
"approx",1
"attun",1
"barack",1
"bern",1
"bicycl",1
"biographi",1
"clearer",1
"compri",1
"cryptic",1
"devot",1
"discontinu",1
"disharmoni",1
"einsteinian",1
"fresh",1
"georg",1
"ghostwrit",1
"gilder",1
"habit",1
"hadbeen",1
"handmann",1
"hawk",1
"heideggerian",1
"humil",1
"instant",1
"landmark",1
"lay",1
"malfunct",1
"martin",1
"mindset",1
"monstrous",1
"obama",1
"oneself",1
"overhyp",1
"overst",1
"overus",1
"patent",1
"periph",1
"philanthropi",1
"portion",1
"postmodernist",1
"preserv",1
"propon",1
"quintessenti",1
"readabl",1
"religion",1
"reorgan",1
"sec",1
"sideshow",1
"strand",1
"substitut",1
"thepostmodern",1
"thesi",1
"unnatur",1
"unordinari",1
"vacuum",1
"wiser",1
"absenc",1
"appetit",1
"asymmetri",1
"chose",1
"clump",1
"cogni",1
"deni",1
"don",1
"dreschsler",1
"endem",1
"grand",1
"inconveni",1
"leap",1
"leonard",1
"lotteri",1
"mareil",1
"mathemat",1
"matrix",1
"maxim",1
"parallel",1
"predat",1
"procrustean",1
"quantifi",1
"rarer",1
"sight",1
"spoil",1
"tempera",1
"uneasi",1
"winner",1
"zero",1
"alik",1
"aliv",1
"anthropologist",1
"block",1
"catalogu",1
"classmat",1
"cling",1
"coke",1
"crash",1
"dare",1
"dogma",1
"fifth",1
"grail",1
"grave",1
"heartburn",1
"holi",1
"inabl",1
"insensit",1
"item",1
"liven",1
"mar",1
"neednt",1
"pepsi",1
"pharmaceut",1
"quirk",1
"retreat",1
"silent",1
"sleepless",1
"superb",1
"thereaft",1
"variant",1
"vast",1
"wealth",1
"academia",1
"accommod",1
"bandi",1
"batesonian",1
"blur",1
"burnout",1
"decept",1
"degrad",1
"depress",1
"dual",1
"ecolog",1
"encroach",1
"fragment",1
"fun",1
"fuzzi",1
"guidanc",1
"hungri",1
"inaccess",1
"incom",1
"jack",1
"jill",1
"justifi",1
"lifestyl",1
"needless",1
"noi",1
"noun",1
"overnight",1
"perpetu",1
"prosper",1
"redeploy",1
"region",1
"scandinavia",1
"spatial",1
"synergi",1
"tempor",1
"therebi",1
"uncommit",1
"unionist",1
"workday",1
