"term","count"
"project",517
"risk",498
"management",312
"work",229
"document",210
"organisation",178
"figure",175
"problem",166
"knowledge",162
"process",158
"issue",155
"practice",141
"ibis",136
"word",132
"system",131
"question",130
"model",127
"term",118
"paper",113
"many",110
"case",109
"manager",108
"much",106
"cluster",106
"idea",104
"time",101
"datum",100
"topic",100
"base",98
"often",98
"need",96
"change",95
"decision",95
"discussion",93
"technique",93
"group",92
"however",92
"approach",90
"mean",88
"look",88
"note",86
"result",86
"think",84
"article",83
"argument",82
"author",79
"corpus",78
"thing",77
"create",75
"node",74
"follow",73
"give",73
"team",73
"design",72
"algorithm",72
"analysis",71
"different",71
"discuss",71
"reason",71
"even",68
"interest",68
"organization",68
"first",67
"manage",66
"view",65
"employee",65
"share",64
"social",64
"tmmapdocs",64
"stakeholder",63
"method",62
"within",62
"function",62
"although",61
"control",61
"environment",61
"book",61
"numb",61
"dialogue",60
"matrix",60
"show",60
"information",59
"know",59
"tool",59
"list",59
"focus",58
"involve",58
"write",58
"text",58
"another",57
"common",57
"learn",56
"occur",56
"organizational",56
"offer",56
"plan",56
"suggest",55
"this",55
"capture",55
"early",54
"call",53
"describe",52
"people",52
"provide",52
"step",52
"study",52
"claim",51
"find",51
"simple",51
"possible",50
"like",50
"include",50
"start",50
"there",49
"value",49
"probability",48
"rather",48
"error",47
"effect",47
"technology",47
"large",47
"objective",46
"achieve",46
"detail",46
"score",46
"help",46
"just",46
"variable",46
"little",45
"success",45
"line",44
"organisational",44
"high",44
"action",43
"consequence",43
"develop",43
"present",43
"sense",43
"assumption",43
"next",43
"option",43
"element",42
"solution",42
"lack",42
"address",41
"business",41
"indeed",41
"mention",41
"seem",41
"situation",41
"what",41
"context",41
"read",41
"support",41
"implement",40
"individual",40
"jack",40
"particular",40
"build",40
"communication",40
"strategic",40
"mine",40
"structure",39
"check",39
"level",38
"come",38
"define",38
"hard",38
"represent",37
"open",37
"package",37
"complex",36
"fact",36
"remove",36
"want",36
"link",36
"long",35
"response",35
"measure",35
"obvious",35
"right",35
"thats",35
"three",35
"consider",35
"relationship",35
"begin",34
"deal",34
"leave",34
"other",34
"factor",34
"development",34
"tospace",34
"become",33
"experience",33
"member",33
"reality",33
"refer",33
"require",33
"resource",33
"order",33
"matter",32
"perception",32
"standard",32
"world",32
"answer",32
"previous",32
"graph",32
"draw",31
"framework",31
"identify",31
"last",31
"lead",31
"wicked",31
"without",31
"apply",31
"construct",31
"failure",31
"file",31
"actually",30
"enough",30
"entitle",30
"event",30
"simply",30
"assume",30
"part",30
"product",30
"pattern",30
"distance",30
"affect",29
"analyst",29
"difference",29
"relevant",29
"state",29
"theory",29
"formal",29
"hand",29
"happen",29
"assign",29
"year",29
"culture",29
"increase",28
"perspective",28
"root",28
"since",28
"several",28
"section",28
"around",27
"aspect",27
"available",27
"form",27
"late",27
"rational",27
"therefore",27
"methodology",27
"they",27
"research",27
"software",27
"compendium",27
"piece",27
"always",26
"clear",26
"conversation",26
"fail",26
"similar",26
"such",26
"explore",26
"critical",26
"ensure",26
"isnt",26
"introduction",26
"load",26
"plot",26
"bias",25
"criterion",25
"ignore",25
"less",25
"limit",25
"talk",25
"task",25
"power",25
"similarity",25
"informal",25
"code",25
"basic",24
"course",24
"difficult",24
"main",24
"must",24
"something",24
"tend",24
"test",24
"that",24
"though",24
"clearly",24
"finally",24
"goal",24
"search",24
"small",24
"relate",24
"display",24
"type",24
"analyse",23
"brief",23
"complete",23
"couple",23
"despite",23
"enable",23
"importance",23
"surprise",23
"believe",23
"effort",23
"exist",23
"specify",23
"move",23
"depend",23
"inspect",23
"typically",23
"bite",23
"able",22
"background",22
"certain",22
"conclusion",22
"cover",22
"length",22
"potential",22
"remain",22
"rule",22
"solve",22
"specific",22
"uncertainty",22
"essentially",22
"impossible",22
"quantitative",22
"distribution",22
"parameter",22
"perhaps",22
"cost",22
"general",22
"documentation",22
"negative",22
"content",22
"install",22
"vector",22
"account",21
"activity",21
"expert",21
"free",21
"position",21
"reduce",21
"true",21
"useful",21
"definition",21
"flaw",21
"implementation",21
"likely",21
"participant",21
"quote",21
"serve",21
"easy",21
"basis",21
"choice",21
"role",21
"sign",21
"dimension",21
"procedure",21
"statement",21
"tell",21
"validity",21
"notation",21
"paul",21
"column",21
"component",20
"future",20
"great",20
"illustrate",20
"professional",20
"reader",20
"significant",20
"strategy",20
"summary",20
"thus",20
"along",20
"consequently",20
"latter",20
"respond",20
"cognitive",20
"update",20
"every",20
"rank",20
"rationale",20
"sure",20
"train",20
"cause",20
"play",20
"review",20
"from",20
"ability",20
"notion",20
"area",20
"heres",20
"replacement",20
"space",20
"initiative",19
"opportunity",19
"quite",19
"short",19
"technical",19
"benefit",19
"source",19
"range",19
"reference",19
"subject",19
"behind",19
"necessary",19
"whats",19
"collection",19
"improve",19
"edge",19
"store",19
"side",19
"command",19
"accord",18
"avoid",18
"close",18
"hold",18
"influence",18
"intend",18
"object",18
"personal",18
"boundary",18
"financial",18
"rarely",18
"real",18
"practical",18
"anything",18
"elephant",18
"particularly",18
"survey",18
"entire",18
"highlight",18
"category",18
"application",18
"creation",18
"network",18
"attempt",17
"face",17
"generally",17
"human",17
"skill",17
"various",17
"observation",17
"operational",17
"rationality",17
"really",17
"concern",17
"person",17
"responsibility",17
"correlation",17
"external",17
"independent",17
"week",17
"consist",17
"okay",17
"table",17
"stage",17
"shift",17
"argue",16
"bring",16
"contain",16
"diverse",16
"interpretation",16
"judgement",16
"moreover",16
"motivation",16
"perceive",16
"place",16
"among",16
"challenge",16
"discourse",16
"reasonable",16
"single",16
"associate",16
"choose",16
"estimate",16
"reflect",16
"andor",16
"consultant",16
"explanation",16
"theres",16
"arise",16
"recent",16
"justify",16
"feature",16
"tree",16
"worth",16
"already",16
"explain",16
"constraint",16
"complexity",16
"size",16
"stem",16
"accept",15
"appear",15
"attention",15
"continue",15
"hope",15
"interpret",15
"literature",15
"progress",15
"school",15
"tackle",15
"turn",15
"upon",15
"bureaucratic",15
"comment",15
"correspond",15
"description",15
"direct",15
"else",15
"enterprise",15
"feel",15
"interaction",15
"kind",15
"limitation",15
"meet",15
"unfortunately",15
"usually",15
"whether",15
"expect",15
"path",15
"still",15
"wont",15
"label",15
"proceed",15
"warn",15
"instead",15
"light",15
"raise",15
"user",15
"condition",15
"john",15
"assignment",15
"series",15
"rstudio",15
"creative",15
"classify",14
"concept",14
"input",14
"across",14
"agree",14
"principle",14
"senior",14
"sound",14
"viewpoint",14
"degree",14
"managerial",14
"opinion",14
"schedule",14
"scope",14
"sometimes",14
"name",14
"doesnt",14
"justification",14
"quick",14
"weight",14
"capability",14
"database",14
"encourage",14
"here",14
"service",14
"organ",14
"belief",13
"collective",13
"consensus",13
"explicit",13
"hence",13
"impact",13
"keep",13
"once",13
"overlook",13
"quantify",13
"discipline",13
"politic",13
"staff",13
"arent",13
"historical",13
"prior",13
"scale",13
"major",13
"computer",13
"correct",13
"return",13
"natural",13
"nice",13
"directory",13
"hierarchical",13
"version",13
"stop",13
"bound",12
"current",12
"determine",12
"especially",12
"force",12
"history",12
"implication",12
"mathematical",12
"towards",12
"behaviour",12
"decade",12
"incorporate",12
"industry",12
"responsible",12
"appropriate",12
"attribute",12
"doubt",12
"fair",12
"somewhat",12
"stuff",12
"back",12
"central",12
"four",12
"original",12
"record",12
"origin",12
"possibility",12
"successful",12
"traditional",12
"count",12
"positive",12
"download",12
"five",12
"minute",12
"convert",12
"default",12
"eliminate",12
"commitment",11
"emerge",11
"exactly",11
"largely",11
"life",11
"modern",11
"multiple",11
"reach",11
"reveal",11
"rhetoric",11
"sort",11
"will",11
"academic",11
"agreement",11
"compare",11
"emphasise",11
"entity",11
"rate",11
"requirement",11
"blog",11
"subjective",11
"deadline",11
"preliminary",11
"spend",11
"imply",11
"outcome",11
"almost",11
"company",11
"completeness",11
"excellent",11
"frequently",11
"intuition",11
"number",11
"sample",11
"whole",11
"decide",11
"linear",11
"medium",11
"final",11
"gain",11
"generate",11
"video",11
"plus",11
"custom",11
"adjust",11
"colour",11
"symbol",11
"alone",10
"aware",10
"essential",10
"extent",10
"philosophy",10
"summarise",10
"together",10
"whereas",10
"wrong",10
"assess",10
"authority",10
"debate",10
"evidence",10
"picture",10
"regard",10
"guide",10
"wait",10
"directly",10
"occurrence",10
"status",10
"page",10
"implicit",10
"logic",10
"performance",10
"science",10
"contrast",10
"fall",10
"interview",10
"commonly",10
"compute",10
"popular",10
"utility",10
"cant",10
"pretty",10
"advantage",10
"connect",10
"grammar",10
"mind",10
"separate",10
"tacit",10
"evident",10
"theme",10
"maintain",10
"output",10
"report",10
"flexibility",10
"entry",10
"library",10
"removewords",10
"latent",10
"autonomy",10
"anxiety",9
"beyond",9
"budget",9
"embed",9
"encounter",9
"engage",9
"exercise",9
"express",9
"mess",9
"never",9
"rittel",9
"straightforward",9
"bear",9
"insight",9
"monitor",9
"possibly",9
"purpose",9
"qualitative",9
"regardless",9
"representation",9
"sponsor",9
"wide",9
"class",9
"developer",9
"pose",9
"after",9
"comprehensive",9
"everyone",9
"folk",9
"material",9
"cast",9
"conclude",9
"customer",9
"deliberation",9
"organize",9
"underlie",9
"conventional",9
"total",9
"characteristic",9
"crisis",9
"intuitive",9
"pertain",9
"strong",9
"optimal",9
"story",9
"month",9
"depict",9
"unknown",9
"truth",9
"wrap",9
"have",9
"hour",9
"upfront",9
"experiment",9
"platitude",9
"preprocess",9
"stopwords",9
"department",9
"productivity",9
"message",8
"mode",8
"nature",8
"necessarily",8
"perform",8
"practitioner",8
"primary",8
"priority",8
"recognize",8
"relevance",8
"textbook",8
"trust",8
"uncertain",8
"wickedness",8
"familiar",8
"nothing",8
"potentially",8
"reform",8
"vary",8
"calculate",8
"identification",8
"mathematically",8
"handle",8
"feedback",8
"half",8
"involvement",8
"communicate",8
"norm",8
"paragraph",8
"worker",8
"writer",8
"clarify",8
"host",8
"bottom",8
"firm",8
"introductory",8
"weak",8
"classification",8
"irrational",8
"when",8
"select",8
"arrow",8
"click",8
"conklin",8
"convince",8
"culmsee",8
"indicate",8
"legal",8
"market",8
"meaningful",8
"publish",8
"realtime",8
"reflection",8
"sell",8
"strength",8
"youve",8
"ever",8
"weve",8
"guess",8
"transform",8
"evolution",8
"mirror",8
"complicate",8
"dependent",8
"please",8
"speech",8
"coordinate",8
"each",8
"period",8
"delegate",8
"acknowledge",7
"advice",7
"blame",7
"broad",7
"effective",7
"hide",7
"introduce",7
"invariably",7
"operation",7
"prediction",7
"produce",7
"prove",7
"rely",7
"replace",7
"resolve",7
"shortcoming",7
"speak",7
"workshop",7
"altogether",7
"anyone",7
"critique",7
"explicitly",7
"false",7
"overview",7
"some",7
"track",7
"unlike",7
"evaluate",7
"notice",7
"quantity",7
"anticipate",7
"arbitrary",7
"existence",7
"ahead",7
"combine",7
"corporate",7
"executive",7
"inevitable",7
"initial",7
"overall",7
"program",7
"title",7
"classic",7
"construction",7
"guarantee",7
"nevertheless",7
"former",7
"break",7
"didnt",7
"empirical",7
"instance",7
"language",7
"match",7
"proportion",7
"suggestion",7
"advance",7
"mark",7
"premise",7
"actual",7
"access",7
"briefly",7
"bulb",7
"designer",7
"distinct",7
"forward",7
"infrastructure",7
"issuebased",7
"quality",7
"relational",7
"reproduce",7
"bore",7
"finish",7
"image",7
"minus",7
"youre",7
"govern",7
"either",7
"subset",7
"zero",7
"adapt",7
"conceptual",7
"gloss",7
"with",7
"differ",7
"straight",7
"usual",7
"enterpris",7
"organis",7
"punctuation",7
"removepunctuation",7
"visualize",7
"organise",7
"workgroup",7
"reaction",7
"ideal",7
"analytic",6
"arrive",6
"breakdown",6
"coin",6
"conflict",6
"connection",6
"contrary",6
"danger",6
"easily",6
"everyday",6
"examine",6
"expectation",6
"gather",6
"illustration",6
"messy",6
"only",6
"overcome",6
"paraphrase",6
"realise",6
"reckon",6
"tension",6
"wellknown",6
"advocate",6
"field",6
"huge",6
"improvement",6
"longterm",6
"manner",6
"mechanism",6
"miss",6
"pressure",6
"sensible",6
"unlikely",6
"adhoc",6
"because",6
"delivery",6
"evolve",6
"regular",6
"vendor",6
"powerful",6
"seven",6
"contribute",6
"modify",6
"participate",6
"phrase",6
"promote",6
"twelve",6
"yield",6
"completely",6
"terminology",6
"their",6
"wish",6
"acceptable",6
"effectiveness",6
"recommend",6
"relative",6
"albeit",6
"carry",6
"confidence",6
"consistent",6
"profession",6
"validate",6
"anyway",6
"expertise",6
"impression",6
"special",6
"truly",6
"obtain",6
"aside",6
"community",6
"coordination",6
"denote",6
"enter",6
"firstly",6
"glance",6
"intellectual",6
"intent",6
"invent",6
"keyword",6
"logical",6
"meaning",6
"memory",6
"decisionmaking",6
"clean",6
"cool",6
"math",6
"succeed",6
"addition",6
"seek",6
"tutorial",6
"random",6
"andgovern",6
"equal",6
"organiz",6
"stripwhitespace",6
"mystopwords",6
"live",6
"workplace",6
"alternative",5
"assessment",5
"awareness",5
"collaborative",5
"constant",5
"drive",5
"entail",5
"extensive",5
"facilitation",5
"fear",5
"fraught",5
"merely",5
"otherwise",5
"outline",5
"paradigm",5
"precisely",5
"propose",5
"sociotechnical",5
"then",5
"treat",5
"wisdom",5
"worldview",5
"allow",5
"demand",5
"direction",5
"effectively",5
"establish",5
"finance",5
"frame",5
"imagine",5
"incentive",5
"internal",5
"measurement",5
"news",5
"personnel",5
"questionable",5
"reconcile",5
"scenario",5
"security",5
"significantly",5
"suitable",5
"systematic",5
"chance",5
"numerical",5
"outside",5
"pitfall",5
"theorem",5
"widespread",5
"charge",5
"foresee",5
"walk",5
"continually",5
"difficulty",5
"extremely",5
"immediate",5
"journal",5
"pick",5
"reassign",5
"rest",5
"satisfy",5
"whilst",5
"availability",5
"engineer",5
"meeting",5
"scheme",5
"unrealistic",5
"categorise",5
"phase",5
"reallife",5
"accurately",5
"additional",5
"adopt",5
"attach",5
"hierarchy",5
"institute",5
"interact",5
"interval",5
"player",5
"recommendation",5
"refine",5
"specifically",5
"spectrum",5
"statistical",5
"exploratory",5
"predefine",5
"prevent",5
"probably",5
"consult",5
"correctly",5
"highly",5
"loss",5
"pair",5
"accompany",5
"amount",5
"collaboration",5
"core",5
"definitely",5
"education",5
"facilitate",5
"fill",5
"forest",5
"global",5
"integrate",5
"navigate",5
"over",5
"pauls",5
"secondly",5
"selection",5
"summarize",5
"today",5
"trigger",5
"unless",5
"visual",5
"visualisation",5
"screen",5
"stay",5
"colleague",5
"editor",5
"hire",5
"print",5
"prompt",5
"exploration",5
"before",5
"relatively",5
"trend",5
"visualise",5
"cloud",5
"scientific",5
"trade",5
"automatically",5
"character",5
"expose",5
"removenumbers",5
"strip",5
"problematic",5
"setting",5
"cope",5
"mutual",5
"productive",5
"contradiction",5
"flexible",5
"appreciate",4
"confront",4
"contradictory",4
"deep",4
"discovery",4
"elusive",4
"enhance",4
"horst",4
"ignorance",4
"integration",4
"intuitively",4
"isolate",4
"manifest",4
"metaphor",4
"mistake",4
"oppose",4
"political",4
"sensemaking",4
"supervision",4
"tendency",4
"threat",4
"through",4
"board",4
"body",4
"collectively",4
"comfort",4
"constitute",4
"dependency",4
"discourage",4
"emphasis",4
"expand",4
"master",4
"metric",4
"multiplicity",4
"realistic",4
"regulation",4
"shape",4
"date",4
"deliver",4
"differently",4
"dwell",4
"normal",4
"reliable",4
"apparently",4
"away",4
"fast",4
"game",4
"metaphorical",4
"pass",4
"room",4
"werent",4
"average",4
"dominant",4
"head",4
"lose",4
"maximum",4
"prerequisite",4
"properly",4
"scientist",4
"seldom",4
"serious",4
"barrier",4
"buyin",4
"checklist",4
"contend",4
"honest",4
"ideally",4
"party",4
"researcher",4
"soon",4
"suit",4
"theoretical",4
"execution",4
"typical",4
"automate",4
"employ",4
"investment",4
"oversight",4
"price",4
"repeat",4
"statistic",4
"validation",4
"constrain",4
"cycle",4
"decisionmakers",4
"full",4
"judge",4
"presence",4
"proper",4
"someone",4
"unique",4
"virtually",4
"inconsistent",4
"commercial",4
"execute",4
"green",4
"jeff",4
"manual",4
"operate",4
"recently",4
"save",4
"shall",4
"werner",4
"while",4
"wonder",4
"yellow",4
"disagree",4
"enforce",4
"forget",4
"counter",4
"nicely",4
"nutshell",4
"near",4
"surface",4
"extract",4
"frequent",4
"location",4
"recall",4
"commit",4
"convey",4
"shop",4
"stand",4
"remainder",4
"axis",4
"digit",4
"dimensionality",4
"dual",4
"gsubpattern",4
"helpful",4
"inenterpris",4
"librarytm",4
"newly",4
"paradox",4
"ready",4
"reiterate",4
"stopwordsenglish",4
"whitespace",4
"youll",4
"english",4
"except",4
"property",4
"observe",4
"poor",4
"cooperation",4
"negotiate",4
"novel",4
"unit",4
"unstated",4
"motivate",4
"pursue",4
"seemingly",4
"subtle",4
"ultimately",4
"comprise",4
"relation",4
"absolute",3
"acceptance",3
"afford",3
"analogy",3
"calculation",3
"catch",3
"compound",3
"confuse",3
"dismiss",3
"enterprisewide",3
"essence",3
"expression",3
"favour",3
"ground",3
"importantly",3
"inherently",3
"neither",3
"openly",3
"overwhelm",3
"production",3
"resolution",3
"thereby",3
"architecture",3
"assurance",3
"committee",3
"considerable",3
"defence",3
"director",3
"elaborate",3
"ethical",3
"exploit",3
"inherent",3
"lesson",3
"plague",3
"prefer",3
"primarily",3
"simplistic",3
"wherein",3
"black",3
"guidance",3
"inappropriate",3
"profile",3
"vulnerable",3
"affair",3
"circle",3
"friend",3
"about",3
"adequate",3
"billion",3
"generic",3
"interestingly",3
"million",3
"solely",3
"substantial",3
"wholesale",3
"disagreement",3
"entirely",3
"variety",3
"asset",3
"fraction",3
"majority",3
"purview",3
"decompose",3
"divide",3
"elicit",3
"exception",3
"iteratively",3
"mathematician",3
"normally",3
"roughly",3
"slow",3
"consideration",3
"expensive",3
"facetoface",3
"havent",3
"indepth",3
"inform",3
"internally",3
"listen",3
"reliability",3
"restrict",3
"therein",3
"throw",3
"upper",3
"compete",3
"none",3
"presume",3
"proportional",3
"randomly",3
"superior",3
"twice",3
"browse",3
"builtin",3
"centre",3
"critically",3
"dispute",3
"excite",3
"home",3
"inspire",3
"partially",3
"planner",3
"preexist",3
"rapidly",3
"sophisticate",3
"target",3
"transparent",3
"valuable",3
"whatever",3
"whence",3
"brilliant",3
"elaboration",3
"reply",3
"nowhere",3
"theyre",3
"akin",3
"argumentation",3
"bargain",3
"mathematics",3
"routinely",3
"trial",3
"vehicle",3
"basically",3
"purely",3
"economic",3
"sketch",3
"strike",3
"sight",3
"bigdatatxt",3
"bind",3
"espouse",3
"excellence",3
"fragment",3
"illuminate",3
"minimum",3
"touch",3
"alsohowevtellwill",3
"apart",3
"automatic",3
"ccan",3
"documentterm",3
"firsttwohelpoftenmay",3
"manipulate",3
"muchneedtaketendeven",3
"sayonewayuse",3
"upshot",3
"whose",3
"eventually",3
"internet",3
"secondary",3
"suffer",3
"accident",3
"dominate",3
"receive",3
"taylor",3
"cultural",3
"entertain",3
"heretic",3
"stick",3
"style",3
"valid",3
"incidentally",3
"environmental",3
